{
  "configVersion": 1,
  "timestamp": 1622383825051,
  "index": "/index.html",
  "assetGroups": [
    {
      "name": "app",
      "installMode": "prefetch",
      "updateMode": "prefetch",
      "cacheQueryOptions": {
        "ignoreVary": true
      },
      "urls": [
        "/16.5509a61b21819bf78b85.js",
        "/17.904e3d6b77208830efb1.js",
        "/18.f7562c8649eaa044275f.js",
        "/19.7961f3cb5425d2d88505.js",
        "/2.b8aa9b7e982a77782ed0.js",
        "/20.018095ab2befa3da194b.js",
        "/21.d6577fc4c7af0900f0a4.js",
        "/22.64b384f17eb71f701809.js",
        "/3.6e4e646e084bd60b5b6d.js",
        "/4.b8efbf00724211d8702c.js",
        "/common.53b6aeb1890208101387.js",
        "/favicon.ico",
        "/firebase-messaging-sw.js",
        "/index.html",
        "/main.7c7aa37252512ce34405.js",
        "/polyfills-es5.ebfae7c6a78cc17b7a6d.js",
        "/polyfills.aba9c7e2e9c26f2f1227.js",
        "/runtime.9d80fd6667ef1ff06636.js",
        "/styles.bc8dcceddc67ca3dff97.css"
      ],
      "patterns": []
    },
    {
      "name": "assets",
      "installMode": "lazy",
      "updateMode": "prefetch",
      "cacheQueryOptions": {
        "ignoreVary": true
      },
      "urls": [
        "/assets/i18n/en-US.json",
        "/assets/i18n/vi-VN.json",
        "/assets/images/19197291.jpg",
        "/assets/images/Midas-icon.png",
        "/assets/images/Midas-logo.png",
        "/assets/images/background/1.jpg",
        "/assets/images/banks/ABB.png",
        "/assets/images/banks/ACB.png",
        "/assets/images/banks/AGR.png",
        "/assets/images/banks/BAB.png",
        "/assets/images/banks/BIDC.png",
        "/assets/images/banks/BIDV.png",
        "/assets/images/banks/EXIM.png",
        "/assets/images/banks/HDB.jpg",
        "/assets/images/banks/IVB.png",
        "/assets/images/banks/KLB.png",
        "/assets/images/banks/MB.jpg",
        "/assets/images/banks/MSB.jpg",
        "/assets/images/banks/NAB.jpg",
        "/assets/images/banks/OCB.png",
        "/assets/images/banks/OCE.jpg",
        "/assets/images/banks/PVC.png",
        "/assets/images/banks/SCB.png",
        "/assets/images/banks/SEA.png",
        "/assets/images/banks/SH.jpg",
        "/assets/images/banks/SHB.png",
        "/assets/images/banks/STB.png",
        "/assets/images/banks/TCB.png",
        "/assets/images/banks/TPB.png",
        "/assets/images/banks/VAB.png",
        "/assets/images/banks/VCB.png",
        "/assets/images/banks/VCCB.png",
        "/assets/images/banks/VIB.png",
        "/assets/images/banks/VIE.jpg",
        "/assets/images/banks/VNPAY.png",
        "/assets/images/banks/VPB.png",
        "/assets/images/banks/VTB.png",
        "/assets/images/banks/WRB.jpg",
        "/assets/images/banks/viviet-1.png",
        "/assets/images/banner/2650401.jpg",
        "/assets/images/banner/62b.png",
        "/assets/images/center_placeholder.png",
        "/assets/images/cover_image.jpg",
        "/assets/images/fd_account_placeholder.png",
        "/assets/images/group_placeholder.png",
        "/assets/images/icons/DOMESTIC CARD.svg",
        "/assets/images/icons/account.svg",
        "/assets/images/icons/add-bank.svg",
        "/assets/images/icons/add-card.svg",
        "/assets/images/icons/add-while.svg",
        "/assets/images/icons/add.svg",
        "/assets/images/icons/add_info.svg",
        "/assets/images/icons/bank.svg",
        "/assets/images/icons/bill.svg",
        "/assets/images/icons/bill_booking.svg",
        "/assets/images/icons/cancel.svg",
        "/assets/images/icons/capital.svg",
        "/assets/images/icons/check.svg",
        "/assets/images/icons/checked.svg",
        "/assets/images/icons/completed-task.svg",
        "/assets/images/icons/credit-card-while.svg",
        "/assets/images/icons/credit-card.svg",
        "/assets/images/icons/delay.svg",
        "/assets/images/icons/delete.svg",
        "/assets/images/icons/deposit.svg",
        "/assets/images/icons/disabled.svg",
        "/assets/images/icons/edit.svg",
        "/assets/images/icons/end.svg",
        "/assets/images/icons/fast-delivery.svg",
        "/assets/images/icons/fees.svg",
        "/assets/images/icons/hammer.svg",
        "/assets/images/icons/income.svg",
        "/assets/images/icons/invoice.svg",
        "/assets/images/icons/jcb.svg",
        "/assets/images/icons/mastercard.svg",
        "/assets/images/icons/money-deposit.svg",
        "/assets/images/icons/money.svg",
        "/assets/images/icons/more.svg",
        "/assets/images/icons/next.svg",
        "/assets/images/icons/order.svg",
        "/assets/images/icons/pending.svg",
        "/assets/images/icons/pnlAmount.svg",
        "/assets/images/icons/question.svg",
        "/assets/images/icons/refresh.svg",
        "/assets/images/icons/remove.svg",
        "/assets/images/icons/save.svg",
        "/assets/images/icons/setting.svg",
        "/assets/images/icons/settings.svg",
        "/assets/images/icons/start.svg",
        "/assets/images/icons/terminal-pos.svg",
        "/assets/images/icons/trading.svg",
        "/assets/images/icons/transaction _batch.svg",
        "/assets/images/icons/transaction.svg",
        "/assets/images/icons/transaction_total.svg",
        "/assets/images/icons/transactions.svg",
        "/assets/images/icons/upload_bill.svg",
        "/assets/images/icons/visa.svg",
        "/assets/images/icons/warning.svg",
        "/assets/images/icons/withdraw.svg",
        "/assets/images/icons/withdraw_total.svg",
        "/assets/images/loans_account_placeholder.png",
        "/assets/images/midas-logo-flat.png",
        "/assets/images/pos.svg",
        "/assets/images/recurring-deposits_account_placeholder.png",
        "/assets/images/savings_account_placeholder.png",
        "/assets/images/select_date.jpg",
        "/assets/images/shares_account_placeholder.png",
        "/assets/images/user_placeholder.png",
        "/assets/mock/user.mock.json",
        "/assets/particles.json",
        "/assets/styles/_alert.scss",
        "/assets/styles/_align.scss",
        "/assets/styles/_background.scss",
        "/assets/styles/_border.scss",
        "/assets/styles/_calendar.scss",
        "/assets/styles/_colours.scss",
        "/assets/styles/_display.scss",
        "/assets/styles/_float.scss",
        "/assets/styles/_form.scss",
        "/assets/styles/_helper.scss",
        "/assets/styles/_input.scss",
        "/assets/styles/_loader.scss",
        "/assets/styles/_margin.scss",
        "/assets/styles/_misc.scss",
        "/assets/styles/_overflow.scss",
        "/assets/styles/_padding.scss",
        "/assets/styles/_position.scss",
        "/assets/styles/_status.scss",
        "/assets/styles/_table.scss",
        "/assets/styles/_text.scss",
        "/assets/styles/_width-height.scss",
        "/assets/styles/_z-index.scss",
        "/assets/webfonts/fa-brands-400.eot",
        "/assets/webfonts/fa-brands-400.svg",
        "/assets/webfonts/fa-brands-400.ttf",
        "/assets/webfonts/fa-brands-400.woff",
        "/assets/webfonts/fa-brands-400.woff2",
        "/assets/webfonts/fa-regular-400.eot",
        "/assets/webfonts/fa-regular-400.svg",
        "/assets/webfonts/fa-regular-400.ttf",
        "/assets/webfonts/fa-regular-400.woff",
        "/assets/webfonts/fa-regular-400.woff2",
        "/assets/webfonts/fa-solid-900.eot",
        "/assets/webfonts/fa-solid-900.svg",
        "/assets/webfonts/fa-solid-900.ttf",
        "/assets/webfonts/fa-solid-900.woff",
        "/assets/webfonts/fa-solid-900.woff2"
      ],
      "patterns": []
    }
  ],
  "dataGroups": [],
  "hashTable": {
    "/16.5509a61b21819bf78b85.js": "8549d5a40ddbd51d1236174acfd42242428b31c7",
    "/17.904e3d6b77208830efb1.js": "c0aafe397b77c2b4fa504544e5be8206750b50bb",
    "/18.f7562c8649eaa044275f.js": "a28765332b8c1b3ab83f7496ce47b06f0ee2a21b",
    "/19.7961f3cb5425d2d88505.js": "bd79367610ff4f52873bff00f9ebb0dc02600a43",
    "/2.b8aa9b7e982a77782ed0.js": "17bde5afbd6a534d470bc1011f32f0262ce18854",
    "/20.018095ab2befa3da194b.js": "4b31f86be6bfa43485db5c1e275aace294c844ab",
    "/21.d6577fc4c7af0900f0a4.js": "79d86c4e754d7f1588645f02119c60c68fe0f62a",
    "/22.64b384f17eb71f701809.js": "161c13e5c181f22ff0210bfb518d1a9aeddeb464",
    "/3.6e4e646e084bd60b5b6d.js": "b8a812c7e43eb8f34677b6215764d80fbe38631e",
    "/4.b8efbf00724211d8702c.js": "def6439104a05acadf0365f063cc3e14854d9b4f",
    "/assets/i18n/en-US.json": "85942f865387506a71a785a35ba1febe58eec909",
    "/assets/i18n/vi-VN.json": "9d815ec9003938c044b755d92b3930773acf3b29",
    "/assets/images/19197291.jpg": "2710e38af886dce2770f844d87019724a6bc209c",
    "/assets/images/Midas-icon.png": "65001cbc8dd6e7c83566409bd743b7f02f2abb93",
    "/assets/images/Midas-logo.png": "6ca9ee47fcfe8387fba57c4b0010b730f0bf4dfd",
    "/assets/images/background/1.jpg": "1af468c17e1302a1d3b4c4e3f37522a395282b3c",
    "/assets/images/banks/ABB.png": "9b7a6d4fa01bfcd4a6f0b4b62aab4e4db7ba6bfa",
    "/assets/images/banks/ACB.png": "c92966bd1680207c6d5b58aa2eeb32dbbef54288",
    "/assets/images/banks/AGR.png": "70b0432866ec83b7c009e849e8a1dd2b0e881d6e",
    "/assets/images/banks/BAB.png": "83b273c26c6cfd2096d18974d715206b773e6d71",
    "/assets/images/banks/BIDC.png": "9763bfbf785cc294562a5d453057e544809dab4d",
    "/assets/images/banks/BIDV.png": "e020079a27fb0b37d490b14b21cd23cc187443c2",
    "/assets/images/banks/EXIM.png": "b2dda046716de90c4086c2b0ac3a9add8c55d9bf",
    "/assets/images/banks/HDB.jpg": "66c5cb68d79e4294a628e2b569ea0b4238f657db",
    "/assets/images/banks/IVB.png": "3afa49f4f32dc7700454582f1eb83fc43b4ddb59",
    "/assets/images/banks/KLB.png": "8489f6b1b617ffdf108f53f0032b8e0e262793ef",
    "/assets/images/banks/MB.jpg": "a1444bee8e5f3be101a71ff4821da5ff7fb2f383",
    "/assets/images/banks/MSB.jpg": "116e19ece0c93bc6ea5f053fd83108787605a6e7",
    "/assets/images/banks/NAB.jpg": "c02f93b7d95906da57091d5a102d1d1a42d189da",
    "/assets/images/banks/OCB.png": "83bd7aaec7d7e4c89fe53e22395941e83a20e3cb",
    "/assets/images/banks/OCE.jpg": "1e8a3ac20ae2b0abd3806b88e621b14cab9139d4",
    "/assets/images/banks/PVC.png": "d99f1c45804b732d6217c883f0a5aa50f16b4a41",
    "/assets/images/banks/SCB.png": "fd2c97ea6c3cb77425d1b57566706ad9c73c15da",
    "/assets/images/banks/SEA.png": "f8568f3e6c055b849aaa5c87024bd10331f971a9",
    "/assets/images/banks/SH.jpg": "d3fa2c1af008c31a4e921f5a12ea502c71d72d7e",
    "/assets/images/banks/SHB.png": "b534e3b0160000b08408a8b127677f295c1a47d7",
    "/assets/images/banks/STB.png": "b708ae7b26ce7a063b24d35357bb43fec67a7d4a",
    "/assets/images/banks/TCB.png": "55c981af5cf9403081b18dc6b48414ca26080ff3",
    "/assets/images/banks/TPB.png": "5d37ece2b13360325f810d3b70a1b734d3333b30",
    "/assets/images/banks/VAB.png": "c71a2e0f559252370ec0dcfbbb19500a29722f56",
    "/assets/images/banks/VCB.png": "6d5d6ea4051a5a9d7b5d0657087d7706723d2111",
    "/assets/images/banks/VCCB.png": "039df48abf0c0f5456f80745a8bfd830c7e0a47b",
    "/assets/images/banks/VIB.png": "ff970ba2f472a78d9f00d20154b29067654a3b45",
    "/assets/images/banks/VIE.jpg": "28a89971ae2deeba0f0c23b3a0d14ca2600b8007",
    "/assets/images/banks/VNPAY.png": "7edd9806f08fa88aefd8aa7311b40394b7e09618",
    "/assets/images/banks/VPB.png": "b02ea549b2d890bd9337fe13f92eefe97070377c",
    "/assets/images/banks/VTB.png": "2f1ccdc126a1b4aad7958dd770ec970514e859eb",
    "/assets/images/banks/WRB.jpg": "ccc71bd86505f2e2c606e02c66f9d95bb5ae7504",
    "/assets/images/banks/viviet-1.png": "5770e943f1acc6e9100193ade48f7957351b7a53",
    "/assets/images/banner/2650401.jpg": "53b1a1d62329e86a982f0e120e768b40e722a30d",
    "/assets/images/banner/62b.png": "16775b0f01d8d1852f2a3a6649cab777f63c15a1",
    "/assets/images/center_placeholder.png": "95a8b8a2c3bccacfabe57fac31207267582e11d8",
    "/assets/images/cover_image.jpg": "dc5b2817a5528f385708ba5e87159eef7a9ab22b",
    "/assets/images/fd_account_placeholder.png": "d2b4153d5741d39c54a3bcf84a67b107f90a549b",
    "/assets/images/group_placeholder.png": "7d6a1438614f689418612fe9ad0b68dba8e9e459",
    "/assets/images/icons/DOMESTIC CARD.svg": "ca9a5ba7c530c9090481b458da521b8f28a2191d",
    "/assets/images/icons/account.svg": "7994f3268bd6d936789b1a9984c84bc9e0c134e7",
    "/assets/images/icons/add-bank.svg": "3f916edfefedee1ab62a48cff38621c6179ffce0",
    "/assets/images/icons/add-card.svg": "ada30673a38ae1ef2cadc037ae49205058a0ca01",
    "/assets/images/icons/add-while.svg": "4f864c4eeb07bb0bd05ae694da48b16d68dd6142",
    "/assets/images/icons/add.svg": "bc6f0f351d0f059a1f9d5358791b8fdfe079f844",
    "/assets/images/icons/add_info.svg": "28c434c9edbc3cdfb5ef8bbe30b65a5ef1065391",
    "/assets/images/icons/bank.svg": "bf6254930e60ca499810008740aebcbf98ee2dcf",
    "/assets/images/icons/bill.svg": "74acdc1a270c559a9e5648761aa953b62b8b3318",
    "/assets/images/icons/bill_booking.svg": "5e9fe32e39517f65daf3d75a9e9df4db2565528b",
    "/assets/images/icons/cancel.svg": "59deb07de43cb7bb7ac86f6c4edb9c4f1eca8c1a",
    "/assets/images/icons/capital.svg": "dfb5c9f12db1fcb4c0b9db11a97ecba131a1d29d",
    "/assets/images/icons/check.svg": "f33884bb14423f922d7a6759bb00a8c29e7b10d1",
    "/assets/images/icons/checked.svg": "e6b2d0018aacbf22bb139ac2829eae2911d8e963",
    "/assets/images/icons/completed-task.svg": "c7ff9fe549ddd4c3d593b73d2908f529d3e30abb",
    "/assets/images/icons/credit-card-while.svg": "0dbc0f5e09fd50acdc09a18278db49bbd5930c91",
    "/assets/images/icons/credit-card.svg": "b76ab424e562466c3676e73482e9febe788d2a6e",
    "/assets/images/icons/delay.svg": "87cabc3158897baf4c8e54ae2bf7ab49e61a16b2",
    "/assets/images/icons/delete.svg": "f49daa91d382f6c78be10dcfbfa99f7a96854d22",
    "/assets/images/icons/deposit.svg": "5165b44da3c6025577136686848ea6b85a3d4c85",
    "/assets/images/icons/disabled.svg": "400d5946f5dbdf67cd61bfbb03b1702f5541d241",
    "/assets/images/icons/edit.svg": "21fc65e367128e71f2073f55b08b29063827e696",
    "/assets/images/icons/end.svg": "9af29abbc457052e9e2b292f616eec57ce661be8",
    "/assets/images/icons/fast-delivery.svg": "94632ebd9608cb841323bdcbe11b548f7f781cf5",
    "/assets/images/icons/fees.svg": "b5d1201bd406ed5ab4b5eb496ab2b622bfddb1db",
    "/assets/images/icons/hammer.svg": "43de8f50b8784bc990955acdfaf1698181a42cb0",
    "/assets/images/icons/income.svg": "290047da3d7d8844c8e5546074a1e6fd92b42089",
    "/assets/images/icons/invoice.svg": "7b694d35e0dacd704f6c8db4f6d22c2c7c80981d",
    "/assets/images/icons/jcb.svg": "d774a400707e8b5235e907cc94983765be46210e",
    "/assets/images/icons/mastercard.svg": "936e7b43396ffe432e112db57f5d602272015d85",
    "/assets/images/icons/money-deposit.svg": "c4e34757f173d370ded18f1d278d86157c904bb8",
    "/assets/images/icons/money.svg": "dc0300b854573802508804e581d75ced888c7b86",
    "/assets/images/icons/more.svg": "e1efa50909842f1148d49358ec0181a605642b55",
    "/assets/images/icons/next.svg": "889fe5261902f8928a76fc433b31c4324e22b4ee",
    "/assets/images/icons/order.svg": "d91098cd372843c7cac446e3198c9cd282301194",
    "/assets/images/icons/pending.svg": "7e8a5ada61e47071efec8f4492b8e6b9e1d16a39",
    "/assets/images/icons/pnlAmount.svg": "12fad0d1b5515ce6487d16d71222e842da6c7f5b",
    "/assets/images/icons/question.svg": "4776ed230686f6c97dabbcd8bd1b5931c2a65fb1",
    "/assets/images/icons/refresh.svg": "58d842980d9bc615d3ab9374798639d6ee10619c",
    "/assets/images/icons/remove.svg": "6ac627c3b0687b0abda85f173d7799104e420c54",
    "/assets/images/icons/save.svg": "4e0b269d97a01892371831a49236dc8ad7f6ca93",
    "/assets/images/icons/setting.svg": "5273df7c96c291d67d793d450bccac42b95f2d39",
    "/assets/images/icons/settings.svg": "e3227a555c7812dbf3eedf62f2ecb95d3619579c",
    "/assets/images/icons/start.svg": "eea8fccb1e8950fb469ce9350b912cf3a298fee6",
    "/assets/images/icons/terminal-pos.svg": "549f544cd60533c3d5b6aac231bafa7b34a5dc21",
    "/assets/images/icons/trading.svg": "027b0020b40ecbc39c7002a70e795a0f271e0953",
    "/assets/images/icons/transaction _batch.svg": "145ba5d53ddaaa9fe287194a0a3baa9aa2f780ae",
    "/assets/images/icons/transaction.svg": "1e9a4b1bdf5274af2261b12e79c37077ed2eeb46",
    "/assets/images/icons/transaction_total.svg": "0631f2d3d08163cb38ac48ebf56220529ca3912b",
    "/assets/images/icons/transactions.svg": "8733dbeadad5be84474d69a11c860dcbb46bce1e",
    "/assets/images/icons/upload_bill.svg": "a684f6d78bf72715b44b165dea8dfd7e6f8e7e5e",
    "/assets/images/icons/visa.svg": "eeea5d970f08838e1de6e8485864910747319f37",
    "/assets/images/icons/warning.svg": "cabd67652f0689d6191fbd6cb6821aeddb5569d5",
    "/assets/images/icons/withdraw.svg": "6cff62e45f9fc4256a1070ad36f73ca70156ea67",
    "/assets/images/icons/withdraw_total.svg": "ecae8ffc30991dc8a6f0a2de09c88ba2e8c5c7a1",
    "/assets/images/loans_account_placeholder.png": "820bf5136bccdf48786241106a9e990ec3a6a352",
    "/assets/images/midas-logo-flat.png": "a87db29c2775563983a3103f9ef697d33e36b363",
    "/assets/images/pos.svg": "d492af3442879b7a3aa78cae40cf0dc9c044879a",
    "/assets/images/recurring-deposits_account_placeholder.png": "45dcd53f6f01b872b45167518f8731bc132665f5",
    "/assets/images/savings_account_placeholder.png": "85aa453d8215c829eaab15312f07f8ebf6239a95",
    "/assets/images/select_date.jpg": "809e7b780887fd3e1e9d1546b4635aa41b81b7b1",
    "/assets/images/shares_account_placeholder.png": "c470c3421bdeb24f4fb38ce43084eea0ab679fed",
    "/assets/images/user_placeholder.png": "688be4adfb344e0f9662a40f59788f39e7b907af",
    "/assets/mock/user.mock.json": "aa4285d6c1c62088aa48cae021d8ac986d3738cf",
    "/assets/particles.json": "47631e728fd79f5422daa0c178738e9e3ec40a3e",
    "/assets/styles/_alert.scss": "14e42a49c92c93ae76e422ecb83b36cfdea41bb8",
    "/assets/styles/_align.scss": "01a8f907156ac36324fe79fb58c42edb82e5963f",
    "/assets/styles/_background.scss": "afd9505e1f970b32146d6f8235c7d774db9bb63e",
    "/assets/styles/_border.scss": "7524f931e46d680c0f863cb9a62fbc39496ea5fd",
    "/assets/styles/_calendar.scss": "754b3c87f272ab050942b9c142a38359b959a910",
    "/assets/styles/_colours.scss": "15945fd8b0923cd6590221e77dd7ef3d82fff41c",
    "/assets/styles/_display.scss": "c6989fd13f48683b25f5f3864d2729ba50e98f38",
    "/assets/styles/_float.scss": "3d724ea461139915ccfb21d7fe755b0cf35b54f7",
    "/assets/styles/_form.scss": "55776ff613328c28827f0cd7b952cd61df6bb61c",
    "/assets/styles/_helper.scss": "82f24d749011462d1f53f150a4fc78ae525b5c96",
    "/assets/styles/_input.scss": "40cb2b6d5e67387f45050acff41e98dfd6d8ec19",
    "/assets/styles/_loader.scss": "41dd9262e8eeddb04e185f08291e68db727cd91b",
    "/assets/styles/_margin.scss": "91bf7998ff3b52de3b4543365b84737face1077b",
    "/assets/styles/_misc.scss": "530a43064e3b819523f9010346c44351eeed60b0",
    "/assets/styles/_overflow.scss": "48ab6ff767b9fd558e8f7bb342b3dd95838b0eac",
    "/assets/styles/_padding.scss": "0f8bbbfcf86bf0dffdfe1dc7acfbea544fbc904f",
    "/assets/styles/_position.scss": "7ee14aef625441d776a7058280a1e79b714f1a4a",
    "/assets/styles/_status.scss": "4bbe731c14b7b76a2a745f8feeab61a93aaf04a3",
    "/assets/styles/_table.scss": "d8417e510254dfc74a12a3dffb5dcf2c746c0c57",
    "/assets/styles/_text.scss": "20eb0f1b9b07dec0ccf78b70569cec7d7e023334",
    "/assets/styles/_width-height.scss": "be16aa930df2eacc943e671cc6de81301b3f3adc",
    "/assets/styles/_z-index.scss": "9a37d216cb5d806887da931429725a28b3d731b8",
    "/assets/webfonts/fa-brands-400.eot": "c719f4375679ee58e156434f9ba9727be669cf07",
    "/assets/webfonts/fa-brands-400.svg": "69a0ff79a9d93a451e9fa90bd79ae7008d2a9da5",
    "/assets/webfonts/fa-brands-400.ttf": "9b49c6c5b0cbdef158ae31b2a4e4814555408389",
    "/assets/webfonts/fa-brands-400.woff": "a42ac4a94f4e0e9333cdb1b2fb6c13c0ae690ff2",
    "/assets/webfonts/fa-brands-400.woff2": "f726c4275bb494a045fde059175f072de06c01df",
    "/assets/webfonts/fa-regular-400.eot": "2baa9a8aa68f1d2d4712b3c7205f9105aaf21879",
    "/assets/webfonts/fa-regular-400.svg": "c41a688158d577e3a2738137992d49b05b17ab8f",
    "/assets/webfonts/fa-regular-400.ttf": "d64e58981a419de52bac110c979887d34e366135",
    "/assets/webfonts/fa-regular-400.woff": "26afc29d39ab9fac6d0b607be7e76db093ff7c3a",
    "/assets/webfonts/fa-regular-400.woff2": "fb9648469530a05fa9aac80e47d4d6960472a242",
    "/assets/webfonts/fa-solid-900.eot": "c39b89f7fa7b66931ab02a54002db5ffcbff206c",
    "/assets/webfonts/fa-solid-900.svg": "36de6a298660ed3feaab37900f7b28c3e981d80e",
    "/assets/webfonts/fa-solid-900.ttf": "d537bf4cc7273ddb3fd754d53f2b241aeafaefe7",
    "/assets/webfonts/fa-solid-900.woff": "3b86a0ce15d8d534b65e98560e321a933d310688",
    "/assets/webfonts/fa-solid-900.woff2": "9b592048b9062b00f0b2dd782d70a95b7dc69b83",
    "/common.53b6aeb1890208101387.js": "27ab035a6d7938f8da988f2efbf266b4cd0c470e",
    "/favicon.ico": "31d1d887b9dec1f49614f289d6855f5ffa7c0902",
    "/firebase-messaging-sw.js": "6534b508ae8c35e291658af69d2a4c325ed15c88",
    "/index.html": "7e6b01dacd59446eb921a0916646e7902c54b0a9",
    "/main.7c7aa37252512ce34405.js": "42351bfe8e404ff70eba1fb9b6c7e2a855e80c45",
    "/polyfills-es5.ebfae7c6a78cc17b7a6d.js": "c3c18bc07da3cbc98c24850dc32598cbd08b57fa",
    "/polyfills.aba9c7e2e9c26f2f1227.js": "d0a701bcc6628b08c5a85c53f3f56f5a214807c2",
    "/runtime.9d80fd6667ef1ff06636.js": "c132e419f818fbfaae5e577a5e70f1f0e6db2be1",
    "/styles.bc8dcceddc67ca3dff97.css": "b3eac98245583688bebded9f14b1ea41b541afc4"
  },
  "navigationUrls": [
    {
      "positive": true,
      "regex": "^\\/.*$"
    },
    {
      "positive": false,
      "regex": "^\\/(?:.+\\/)?[^/]*\\.[^/]*$"
    },
    {
      "positive": false,
      "regex": "^\\/(?:.+\\/)?[^/]*__[^/]*$"
    },
    {
      "positive": false,
      "regex": "^\\/(?:.+\\/)?[^/]*__[^/]*\\/.*$"
    }
  ]
}